,Year,Air_Pollution_Index,Water_Pollution_Index,Soil_Pollution_Index,Industrial_Waste_in_tons,Energy_Recovered_in_GWh,CO2_Emissions_in_MT,Renewable_Energy_%,Plastic_Waste_Produced_in_tons,Energy_Consumption_Per_Capita_in_MWh,Population_in_millions,GDP_Per_Capita_in_USD
count,200.0,200.0,200.0,200.0,200.0,200.0,200.0,200.0,200.0,200.0,200.0,200.0
mean,2009.335,180.62695,115.06810000000002,76.48854999999999,52891.681500000006,260.44870000000003,24.8781,27.799699999999998,24492.89355,9.43575,104.27130000000001,35307.6024
std,5.765324782633345,67.07330984576376,47.580910939357764,39.69272689345863,27224.491690445488,147.1419229340628,14.470891919808325,12.361878543149414,14421.356002211007,5.575670087272968,56.90657395332747,19481.71445523607
min,2000.0,50.3,31.13,11.15,1019.37,11.73,1.92,5.04,542.95,0.53,2.32,1298.7
25%,2004.0,134.9725,74.55000000000001,40.894999999999996,31201.9725,118.35499999999999,11.22,17.7,12843.8825,4.5825,60.96,19525.019999999997
50%,2010.0,183.385,112.305,78.6,55299.149999999994,273.14,25.355,29.17,24121.54,9.225,104.965,35043.325
75%,2014.0,237.42499999999998,157.47750000000002,109.2125,74805.825,384.9575,38.55,37.0725,36516.2325,13.9975,150.93,51629.5475
max,2019.0,297.95,199.32,149.23,99739.36,499.98,49.69,49.56,49852.28,19.98,198.82,69143.14
