Model,R2_Score,MSE,MAE,RMSE
Linear Regression,-0.04921760617702886,25372.428368539473,142.53008043598987,159.28725111740573
