Year,Energy_Recovered_in_GWh
2000.0,296.889
2001.0,288.8777777777778
2002.0,259.75076923076927
2003.0,208.13899999999998
2004.0,186.45818181818183
2005.0,240.74866666666668
2006.0,197.41166666666666
2007.0,242.57818181818183
2008.0,289.6
2009.0,224.42399999999998
2010.0,312.36125
2011.0,207.8807692307692
2012.0,258.36615384615385
2013.0,301.0833333333333
2014.0,249.067
2015.0,305.2311111111111
2016.0,334.385
2017.0,304.6278571428571
2018.0,211.552
2019.0,257.90333333333336
